{
  "auc": 0.99535,
  "threshold": 0.7725247144699097,
  "precision": 0.9850746268656716,
  "recall": 0.99,
  "f1": 0.9875311720698254,
  "mean_clean": 0.8846352091431617,
  "mean_injected": 0.6627250517904758,
  "mean_real_contam": 0.7606975808739662,
  "n_controlled": 200,
  "n_real_contam": 40
}