dataset,mrr,hits@1,hits@5,hits@10
WN18RR_v1,0.7995467044285359,0.7473404255319149,0.848404255319149,0.8723404255319149
WN18RR_v2,0.8083375207960566,0.7732426303854876,0.8310657596371882,0.8526077097505669
WN18RR_v3,0.5702281183809113,0.4983471074380165,0.6297520661157024,0.6884297520661157
WN18RR_v4,0.7728231968938171,0.7459762071378586,0.7851644506648006,0.8093072078376488
WN18RR_average_completed,0.7377338851248302,0.6912265926233194,0.7735966329342101,0.8056712737965616
